# 주식(StockPage): STOCK_LIST_400 중 region US|JP, JP ETF 유니버스 티커 제외, retired 제외 — StockPage.jsx 와 동일
# 표시명은 DB 프로필 우선; 여기 display_hint 는 리스트·폴백 기준
# symbol	display_hint	region	index_tag	sector(list 원본)

## JP
1332.T	1332.T	JP	NIKKEI225	未分類
1605.T	1605.T	JP	NIKKEI225	未分類
1721.T	1721.T	JP	NIKKEI225	未分類
1801.T	1801.T	JP	NIKKEI225	未分類
1802.T	1802.T	JP	NIKKEI225	未分類
1803.T	1803.T	JP	NIKKEI225	未分類
1808.T	1808.T	JP	NIKKEI225	未分類
1812.T	1812.T	JP	NIKKEI225	未分類
1925.T	1925.T	JP	NIKKEI225	未分類
1928.T	1928.T	JP	NIKKEI225	未分類
1963.T	1963.T	JP	NIKKEI225	未分類
2002.T	2002.T	JP	NIKKEI225	未分類
2269.T	2269.T	JP	NIKKEI225	未分類
2282.T	2282.T	JP	NIKKEI225	未分類
2413.T	2413.T	JP	NIKKEI225	未分類
2432.T	2432.T	JP	NIKKEI225	未分類
2501.T	2501.T	JP	NIKKEI225	未分類
2502.T	2502.T	JP	NIKKEI225	未分類
2503.T	2503.T	JP	NIKKEI225	未分類
2531.T	2531.T	JP	NIKKEI225	未分類
2768.T	2768.T	JP	NIKKEI225	未分類
2801.T	2801.T	JP	NIKKEI225	未分類
2802.T	2802.T	JP	NIKKEI225	未分類
2871.T	2871.T	JP	NIKKEI225	未分類
2914.T	2914.T	JP	NIKKEI225	未分類
3086.T	3086.T	JP	NIKKEI225	未分類
3092.T	3092.T	JP	NIKKEI225	未分類
3099.T	3099.T	JP	NIKKEI225	未分類
3101.T	3101.T	JP	NIKKEI225	未分類
3103.T	3103.T	JP	NIKKEI225	未分類
3105.T	3105.T	JP	NIKKEI225	未分類
3289.T	3289.T	JP	NIKKEI225	未分類
3382.T	3382.T	JP	NIKKEI225	未分類
3401.T	3401.T	JP	NIKKEI225	未分類
3402.T	3402.T	JP	NIKKEI225	未分類
3407.T	3407.T	JP	NIKKEI225	未分類
3436.T	3436.T	JP	NIKKEI225	未分類
3659.T	3659.T	JP	NIKKEI225	未分類
4004.T	4004.T	JP	NIKKEI225	未分類
4005.T	4005.T	JP	NIKKEI225	未分類
4021.T	4021.T	JP	NIKKEI225	未分類
4042.T	4042.T	JP	NIKKEI225	未分類
4043.T	4043.T	JP	NIKKEI225	未分類
4061.T	4061.T	JP	NIKKEI225	未分類
4063.T	4063.T	JP	NIKKEI225	未分類
4151.T	4151.T	JP	NIKKEI225	未分類
4188.T	4188.T	JP	NIKKEI225	未分類
4208.T	4208.T	JP	NIKKEI225	未分類
4324.T	4324.T	JP	NIKKEI225	未分類
4452.T	4452.T	JP	NIKKEI225	未分類
4502.T	4502.T	JP	NIKKEI225	未分類
4503.T	4503.T	JP	NIKKEI225	未分類
4507.T	4507.T	JP	NIKKEI225	未分類
4519.T	4519.T	JP	NIKKEI225	未分類
4523.T	4523.T	JP	NIKKEI225	未分類
4543.T	4543.T	JP	NIKKEI225	未分類
4568.T	4568.T	JP	NIKKEI225	未分類
4578.T	4578.T	JP	NIKKEI225	未分類
4631.T	4631.T	JP	NIKKEI225	未分類
4661.T	4661.T	JP	NIKKEI225	未分類
4689.T	4689.T	JP	NIKKEI225	未分類
4704.T	4704.T	JP	NIKKEI225	未分類
4751.T	4751.T	JP	NIKKEI225	未分類
4755.T	4755.T	JP	NIKKEI225	未分類
4901.T	4901.T	JP	NIKKEI225	未分類
4911.T	4911.T	JP	NIKKEI225	未分類
5020.T	5020.T	JP	NIKKEI225	未分類
5101.T	5101.T	JP	NIKKEI225	未分類
5108.T	5108.T	JP	NIKKEI225	未分類
5201.T	5201.T	JP	NIKKEI225	未分類
5202.T	5202.T	JP	NIKKEI225	未分類
5214.T	5214.T	JP	NIKKEI225	未分類
5232.T	5232.T	JP	NIKKEI225	未分類
5233.T	5233.T	JP	NIKKEI225	未分類
5301.T	5301.T	JP	NIKKEI225	未分類
5332.T	5332.T	JP	NIKKEI225	未分類
5333.T	5333.T	JP	NIKKEI225	未分類
5401.T	5401.T	JP	NIKKEI225	未分類
5406.T	5406.T	JP	NIKKEI225	未分類
5411.T	5411.T	JP	NIKKEI225	未分類
5541.T	5541.T	JP	NIKKEI225	未分類
5631.T	5631.T	JP	NIKKEI225	未分類
5703.T	5703.T	JP	NIKKEI225	未分類
5706.T	5706.T	JP	NIKKEI225	未分類
5707.T	5707.T	JP	NIKKEI225	未分類
5711.T	5711.T	JP	NIKKEI225	未分類
5713.T	5713.T	JP	NIKKEI225	未分類
5714.T	5714.T	JP	NIKKEI225	未分類
5801.T	5801.T	JP	NIKKEI225	未分類
5802.T	5802.T	JP	NIKKEI225	未分類
5803.T	5803.T	JP	NIKKEI225	未分類
6098.T	6098.T	JP	NIKKEI225	未分類
6113.T	6113.T	JP	NIKKEI225	未分類
6146.T	6146.T	JP	NIKKEI225	未分類
6178.T	6178.T	JP	NIKKEI225	未分類
6273.T	6273.T	JP	NIKKEI225	未分類
6301.T	6301.T	JP	NIKKEI225	未分類
6302.T	6302.T	JP	NIKKEI225	未分類
6305.T	6305.T	JP	NIKKEI225	未分類
6326.T	6326.T	JP	NIKKEI225	未分類
6361.T	6361.T	JP	NIKKEI225	未分類
6367.T	6367.T	JP	NIKKEI225	未分類
6471.T	6471.T	JP	NIKKEI225	未分類
6472.T	6472.T	JP	NIKKEI225	未分類
6479.T	6479.T	JP	NIKKEI225	未分類
6501.T	6501.T	JP	NIKKEI225	未分類
6503.T	6503.T	JP	NIKKEI225	未分類
6504.T	6504.T	JP	NIKKEI225	未分類
6506.T	6506.T	JP	NIKKEI225	未分類
6532.T	6532.T	JP	NIKKEI225	未分類
6594.T	6594.T	JP	NIKKEI225	未分類
6645.T	6645.T	JP	NIKKEI225	未分類
6674.T	6674.T	JP	NIKKEI225	未分類
6701.T	6701.T	JP	NIKKEI225	未分類
6702.T	6702.T	JP	NIKKEI225	未分類
6723.T	6723.T	JP	NIKKEI225	未分類
6724.T	6724.T	JP	NIKKEI225	未分類
6752.T	6752.T	JP	NIKKEI225	未分類
6753.T	6753.T	JP	NIKKEI225	未分類
6758.T	6758.T	JP	NIKKEI225	未分類
6762.T	6762.T	JP	NIKKEI225	未分類
6770.T	6770.T	JP	NIKKEI225	未分類
6841.T	6841.T	JP	NIKKEI225	未分類
6857.T	6857.T	JP	NIKKEI225	未分類
6861.T	6861.T	JP	NIKKEI225	未分類
6902.T	6902.T	JP	NIKKEI225	未分類
6920.T	6920.T	JP	NIKKEI225	未分類
6952.T	6952.T	JP	NIKKEI225	未分類
6954.T	6954.T	JP	NIKKEI225	未分類
6971.T	6971.T	JP	NIKKEI225	未分類
6981.T	6981.T	JP	NIKKEI225	未分類
6988.T	6988.T	JP	NIKKEI225	未分類
7003.T	7003.T	JP	NIKKEI225	未分類
7004.T	7004.T	JP	NIKKEI225	未分類
7011.T	7011.T	JP	NIKKEI225	未分類
7012.T	7012.T	JP	NIKKEI225	未分類
7013.T	7013.T	JP	NIKKEI225	未分類
7186.T	7186.T	JP	NIKKEI225	未分類
7201.T	7201.T	JP	NIKKEI225	未分類
7202.T	7202.T	JP	NIKKEI225	未分類
7203.T	7203.T	JP	NIKKEI225	未分類
7211.T	7211.T	JP	NIKKEI225	未分類
7261.T	7261.T	JP	NIKKEI225	未分類
7267.T	7267.T	JP	NIKKEI225	未分類
7269.T	7269.T	JP	NIKKEI225	未分類
7270.T	7270.T	JP	NIKKEI225	未分類
7272.T	7272.T	JP	NIKKEI225	未分類
7309.T	7309.T	JP	NIKKEI225	未分類
7731.T	7731.T	JP	NIKKEI225	未分類
7733.T	7733.T	JP	NIKKEI225	未分類
7735.T	7735.T	JP	NIKKEI225	未分類
7741.T	7741.T	JP	NIKKEI225	未分類
7751.T	7751.T	JP	NIKKEI225	未分類
7762.T	7762.T	JP	NIKKEI225	未分類
7832.T	7832.T	JP	NIKKEI225	未分類
7911.T	7911.T	JP	NIKKEI225	未分類
7912.T	7912.T	JP	NIKKEI225	未分類
7914.T	7914.T	JP	NIKKEI225	未分類
7974.T	7974.T	JP	NIKKEI225	未分類
8001.T	8001.T	JP	NIKKEI225	未分類
8002.T	8002.T	JP	NIKKEI225	未分類
8015.T	8015.T	JP	NIKKEI225	未分類
8031.T	8031.T	JP	NIKKEI225	未分類
8035.T	8035.T	JP	NIKKEI225	未分類
8051.T	8051.T	JP	NIKKEI225	未分類
8053.T	8053.T	JP	NIKKEI225	未分類
8058.T	8058.T	JP	NIKKEI225	未分類
8233.T	8233.T	JP	NIKKEI225	未分類
8267.T	8267.T	JP	NIKKEI225	未分類
8304.T	8304.T	JP	NIKKEI225	未分類
8306.T	8306.T	JP	NIKKEI225	未分類
8308.T	8308.T	JP	NIKKEI225	未分類
8309.T	8309.T	JP	NIKKEI225	未分類
8316.T	8316.T	JP	NIKKEI225	未分類
8411.T	8411.T	JP	NIKKEI225	未分類
8591.T	8591.T	JP	NIKKEI225	未分類
8601.T	8601.T	JP	NIKKEI225	未分類
8604.T	8604.T	JP	NIKKEI225	未分類
8630.T	8630.T	JP	NIKKEI225	未分類
8725.T	8725.T	JP	NIKKEI225	未分類
8750.T	8750.T	JP	NIKKEI225	未分類
8766.T	8766.T	JP	NIKKEI225	未分類
8801.T	8801.T	JP	NIKKEI225	未分類
8802.T	8802.T	JP	NIKKEI225	未分類
8830.T	8830.T	JP	NIKKEI225	未分類
9001.T	9001.T	JP	NIKKEI225	未分類
9005.T	9005.T	JP	NIKKEI225	未分類
9007.T	9007.T	JP	NIKKEI225	未分類
9008.T	9008.T	JP	NIKKEI225	未分類
9009.T	9009.T	JP	NIKKEI225	未分類
9020.T	9020.T	JP	NIKKEI225	未分類
9021.T	9021.T	JP	NIKKEI225	未分類
9022.T	9022.T	JP	NIKKEI225	未分類
9064.T	9064.T	JP	NIKKEI225	未分類
9101.T	9101.T	JP	NIKKEI225	未分類
9104.T	9104.T	JP	NIKKEI225	未分類
9107.T	9107.T	JP	NIKKEI225	未分類
9201.T	9201.T	JP	NIKKEI225	未分類
9202.T	9202.T	JP	NIKKEI225	未分類
9301.T	9301.T	JP	NIKKEI225	未分類
9432.T	9432.T	JP	NIKKEI225	未分類
9433.T	9433.T	JP	NIKKEI225	未分類
9434.T	9434.T	JP	NIKKEI225	未分類
9501.T	9501.T	JP	NIKKEI225	未分類
9502.T	9502.T	JP	NIKKEI225	未分類
9503.T	9503.T	JP	NIKKEI225	未分類
9531.T	9531.T	JP	NIKKEI225	未分類
9532.T	9532.T	JP	NIKKEI225	未分類
9602.T	9602.T	JP	NIKKEI225	未分類
9735.T	9735.T	JP	NIKKEI225	未分類
9766.T	9766.T	JP	NIKKEI225	未分類
9983.T	9983.T	JP	NIKKEI225	未分類
9984.T	9984.T	JP	NIKKEI225	未分類

## US
A	A	US	SP500	未分類
AAPL	Apple	US	SP500	Capital Goods & Industrials
ABBV	AbbVie	US	SP500	未分類
ABNB	ABNB	US	SP500	未分類
ABT	Abbott	US	SP500	未分類
ACGL	ACGL	US	SP500	未分類
ACN	Accenture	US	SP500	未分類
ADBE	Adobe	US	SP500	未分類
ADI	Analog Devices	US	SP500	未分類
ADM	ADM	US	SP500	未分類
ADP	ADP	US	SP500	未分類
ADSK	ADSK	US	SP500	未分類
AEE	AEE	US	SP500	未分類
AEP	AEP	US	SP500	未分類
AES	AES	US	SP500	未分類
AFL	AFL	US	SP500	未分類
AIG	AIG	US	SP500	未分類
AIZ	AIZ	US	SP500	未分類
AJG	AJG	US	SP500	未分類
AKAM	AKAM	US	SP500	未分類
ALB	ALB	US	SP500	未分類
ALGN	ALGN	US	SP500	未分類
ALL	ALL	US	SP500	未分類
ALLE	ALLE	US	SP500	未分類
ALNY	ALNY	US	SP500	未分類
AMAT	AMAT	US	SP500	未分類
AMCR	AMCR	US	SP500	未分類
AMD	AMD	US	SP500	未分類
AME	AME	US	SP500	未分類
AMGN	Amgen	US	SP500	未分類
AMP	AMP	US	SP500	未分類
AMT	AMT	US	SP500	未分類
AMZN	Amazon	US	SP500	未分類
ANET	ANET	US	SP500	未分類
AON	AON	US	SP500	未分類
AOS	AOS	US	SP500	未分類
APA	APA	US	SP500	未分類
APD	APD	US	SP500	未分類
APH	APH	US	SP500	未分類
APTV	APTV	US	SP500	未分類
ARE	ARE	US	SP500	未分類
ASML	ASML	US	SP500	未分類
ATO	ATO	US	SP500	未分類
AVB	AVB	US	SP500	未分類
AVGO	Broadcom	US	SP500	未分類
AVY	AVY	US	SP500	未分類
AWK	AWK	US	SP500	未分類
AXON	AXON	US	SP500	未分類
AXP	American Express	US	SP500	未分類
AZN	AstraZeneca	US	SP500	未分類
AZO	AZO	US	SP500	未分類
BA	Boeing	US	SP500	未分類
BAC	Bank of America	US	SP500	未分類
BALL	BALL	US	SP500	未分類
BAX	BAX	US	SP500	未分類
BBY	BBY	US	SP500	未分類
BDX	Becton Dickinson	US	SP500	未分類
BEN	BEN	US	SP500	未分類
BF-B	BF-B	US	SP500	未分類
BG	BG	US	SP500	未分類
BIIB	BIIB	US	SP500	未分類
BIO	BIO	US	SP500	未分類
BKNG	Booking Holdings	US	SP500	未分類
BKR	BKR	US	SP500	未分類
BLDR	BLDR	US	SP500	未分類
BLK	BlackRock	US	SP500	未分類
BMY	BMY	US	SP500	未分類
BR	BR	US	SP500	未分類
BRK.B	Berkshire Hathaway	US	SP500	未分類
BRO	BRO	US	SP500	未分類
BSX	BSX	US	SP500	未分類
BWA	BWA	US	SP500	未分類
BX	BX	US	SP500	未分類
C	Citigroup	US	SP500	未分類
CAG	Conagra Brands	US	SP500	未分類
CAH	CAH	US	SP500	未分類
CARR	CARR	US	SP500	未分類
CAT	Caterpillar	US	SP500	未分類
CB	CB	US	SP500	未分類
CBOE	CBOE	US	SP500	未分類
CBRE	CBRE	US	SP500	未分類
CCI	CCI	US	SP500	未分類
CCL	CCL	US	SP500	未分類
CDNS	CDNS	US	SP500	未分類
CDW	CDW	US	SP500	未分類
CE	Celanese	US	SP500	未分類
CEG	CEG	US	SP500	未分類
CF	CF Industries	US	SP500	未分類
CFG	CFG	US	SP500	未分類
CHD	CHD	US	SP500	未分類
CHRW	C.H.ロビンソン・ワールドワイド / C.H. Robinson Worldwide	US	SP500	未分類
CHTR	CHTR	US	SP500	未分類
CI	Cigna	US	SP500	未分類
CINF	CINF	US	SP500	未分類
CL	CL	US	SP500	未分類
CLX	CLX	US	SP500	未分類
CMCSA	CMCSA	US	SP500	未分類
CME	CME	US	SP500	未分類
CMG	CMG	US	SP500	未分類
CMI	CMI	US	SP500	未分類
CMS	CMS	US	SP500	未分類
CNC	Centene	US	SP500	未分類
CNX	CNX	US	SP500	未分類
COF	COF	US	SP500	未分類
COO	COO	US	SP500	未分類
COP	ConocoPhillips	US	SP500	未分類
COR	COR	US	SP500	未分類
COST	Costco	US	SP500	未分類
CPAY	CPAY	US	SP500	未分類
CPB	Campbell Soup	US	SP500	未分類
CPRT	CPRT	US	SP500	未分類
CPT	CPT	US	SP500	未分類
CRL	CRL	US	SP500	未分類
CRM	Salesforce	US	SP500	未分類
CRWD	CRWD	US	SP500	未分類
CSCO	Cisco	US	SP500	未分類
CSGP	CSGP	US	SP500	未分類
CSX	CSX	US	SP500	未分類
CTAS	CTAS	US	SP500	未分類
CTRA	CTRA	US	SP500	未分類
CTSH	CTSH	US	SP500	未分類
CTVA	CTVA	US	SP500	未分類
CVS	CVS Health	US	SP500	未分類
CVX	Chevron	US	SP500	未分類
CZR	CZR	US	SP500	未分類
D	D	US	SP500	未分類
DAL	DAL	US	SP500	未分類
DASH	DASH	US	SP500	未分類
DAY	DAY	US	SP500	未分類
DD	DD	US	SP500	未分類
DDOG	DDOG	US	SP500	未分類
DE	Deere	US	SP500	未分類
DECK	DECK	US	SP500	未分類
DG	DG	US	SP500	未分類
DGX	DGX	US	SP500	未分類
DHI	DHI	US	SP500	未分類
DHR	Danaher	US	SP500	未分類
DIS	DIS	US	SP500	未分類
DLR	DLR	US	SP500	未分類
DLTR	DLTR	US	SP500	未分類
DOC	DOC	US	SP500	未分類
DOV	DOV	US	SP500	未分類
DOW	DOW	US	SP500	未分類
DPZ	DPZ	US	SP500	未分類
DRI	DRI	US	SP500	未分類
DTE	DTE	US	SP500	未分類
DUK	DUK	US	SP500	未分類
DVA	DVA	US	SP500	未分類
DVN	DVN	US	SP500	未分類
DXCM	DXCM	US	SP500	未分類
EA	EA	US	SP500	未分類
EBAY	EBAY	US	SP500	未分類
ECL	ECL	US	SP500	未分類
ED	ED	US	SP500	未分類
EFX	EFX	US	SP500	未分類
EG	EG	US	SP500	未分類
EIX	EIX	US	SP500	未分類
EL	EL	US	SP500	未分類
ELV	Elevance Health	US	SP500	未分類
EMN	EMN	US	SP500	未分類
EMR	EMR	US	SP500	未分類
ENPH	ENPH	US	SP500	未分類
EOG	EOG Resources	US	SP500	未分類
EPAM	EPAM	US	SP500	未分類
EQIX	EQIX	US	SP500	未分類
EQR	EQR	US	SP500	未分類
EQT	EQT	US	SP500	未分類
ES	ES	US	SP500	未分類
ESS	ESS	US	SP500	未分類
ETN	ETN	US	SP500	未分類
ETR	ETR	US	SP500	未分類
ETSY	ETSY	US	SP500	未分類
EVRG	EVRG	US	SP500	未分類
EW	EW	US	SP500	未分類
EXC	EXC	US	SP500	未分類
EXPD	EXPD	US	SP500	未分類
EXPE	EXPE	US	SP500	未分類
EXR	EXR	US	SP500	未分類
F	F	US	SP500	未分類
FANG	FANG	US	SP500	未分類
FAST	FAST	US	SP500	未分類
FCX	FCX	US	SP500	未分類
FDS	FDS	US	SP500	未分類
FDX	FDX	US	SP500	未分類
FE	FE	US	SP500	未分類
FFIV	FFIV	US	SP500	未分類
FICO	Fair Isaac	US	SP500	未分類
FIS	FIS	US	SP500	未分類
FITB	FITB	US	SP500	未分類
FOX	FOX	US	SP500	未分類
FOXA	FOXA	US	SP500	未分類
FRT	FRT	US	SP500	未分類
FSLR	FSLR	US	SP500	未分類
FTNT	FTNT	US	SP500	未分類
FTV	FTV	US	SP500	未分類
GD	GD	US	SP500	未分類
GE	General Electric	US	SP500	未分類
GEHC	GEHC	US	SP500	未分類
GEN	GEN	US	SP500	未分類
GEV	GE Vernova	US	SP500	未分類
GFS	GFS	US	SP500	未分類
GILD	Gilead	US	SP500	未分類
GIS	GIS	US	SP500	未分類
GLW	GLW	US	SP500	未分類
GM	GM	US	SP500	未分類
GNRC	GNRC	US	SP500	未分類
GOOG	Alphabet	US	SP500	未分類
GOOGL	Alphabet	US	SP500	未分類
GPC	GPC	US	SP500	未分類
GRMN	GRMN	US	SP500	未分類
GS	Goldman Sachs	US	SP500	未分類
GWW	GWW	US	SP500	未分類
HAL	HAL	US	SP500	未分類
HAS	HAS	US	SP500	未分類
HBAN	HBAN	US	SP500	未分類
HCA	HCA	US	SP500	未分類
HD	Home Depot	US	SP500	未分類
HIG	HIG	US	SP500	未分類
HII	HII	US	SP500	未分類
HLT	HLT	US	SP500	未分類
HOLX	HOLX	US	SP500	未分類
HON	Honeywell	US	SP500	未分類
HPE	HPE	US	SP500	未分類
HPQ	HPQ	US	SP500	未分類
HRL	HRL	US	SP500	未分類
HSIC	HSIC	US	SP500	未分類
HST	HST	US	SP500	未分類
HSY	HSY	US	SP500	未分類
HUBB	HUBB	US	SP500	未分類
HUM	HUM	US	SP500	未分類
HWM	HWM	US	SP500	未分類
IBM	IBM	US	SP500	未分類
ICE	ICE	US	SP500	未分類
IDXX	IDXX	US	SP500	未分類
IEX	IEX	US	SP500	未分類
IFF	IFF	US	SP500	未分類
ILMN	ILMN	US	SP500	未分類
INCY	INCY	US	SP500	未分類
INTC	Intel	US	SP500	未分類
INTU	Intuit	US	SP500	未分類
INVH	INVH	US	SP500	未分類
IP	IP	US	SP500	未分類
IQV	IQV	US	SP500	未分類
IR	IR	US	SP500	未分類
IRM	IRM	US	SP500	未分類
ISRG	Intuitive Surgical	US	SP500	未分類
IT	IT	US	SP500	未分類
ITW	Illinois Tool Works	US	SP500	未分類
IVZ	IVZ	US	SP500	未分類
J	J	US	SP500	未分類
JBHT	JBHT	US	SP500	未分類
JBL	JBL	US	SP500	未分類
JCI	JCI	US	SP500	未分類
JD	JD	US	SP500	未分類
JKHY	JKHY	US	SP500	未分類
JNJ	Johnson & Johnson	US	SP500	未分類
JPM	JPMorgan Chase	US	SP500	未分類
KDP	KDP	US	SP500	未分類
KEY	KEY	US	SP500	未分類
KEYS	KEYS	US	SP500	未分類
KHC	KHC	US	SP500	未分類
KIM	KIM	US	SP500	未分類
KLAC	KLA	US	SP500	未分類
KMB	KMB	US	SP500	未分類
KMI	KMI	US	SP500	未分類
KMX	KMX	US	SP500	未分類
KO	Coca-Cola	US	SP500	未分類
KR	KR	US	SP500	未分類
KVUE	KVUE	US	SP500	未分類
L	L	US	SP500	未分類
LCID	LCID	US	SP500	未分類
LDOS	LDOS	US	SP500	未分類
LEN	LEN	US	SP500	未分類
LH	LH	US	SP500	未分類
LHX	LHX	US	SP500	未分類
LIN	Linde	US	SP500	未分類
LKQ	LKQ	US	SP500	未分類
LLY	Eli Lilly	US	SP500	未分類
LMT	Lockheed Martin	US	SP500	未分類
LNC	LNC	US	SP500	未分類
LNT	LNT	US	SP500	未分類
LOW	Lowe's	US	SP500	未分類
LRCX	LRCX	US	SP500	未分類
LULU	LULU	US	SP500	未分類
LUV	LUV	US	SP500	未分類
LVS	LVS	US	SP500	未分類
LW	LW	US	SP500	未分類
LYB	LYB	US	SP500	未分類
LYV	LYV	US	SP500	未分類
MA	Mastercard	US	SP500	未分類
MAA	MAA	US	SP500	未分類
MAR	MAR	US	SP500	未分類
MAS	MAS	US	SP500	未分類
MCD	McDonald's	US	SP500	未分類
MCHP	MCHP	US	SP500	未分類
MCK	McKesson	US	SP500	未分類
MCO	MCO	US	SP500	未分類
MDB	MDB	US	SP500	未分類
MDLZ	Mondelez	US	SP500	未分類
MDT	MDT	US	SP500	未分類
MELI	MELI	US	SP500	未分類
MET	MET	US	SP500	未分類
META	Meta	US	SP500	未分類
MGM	MGM	US	SP500	未分類
MHK	MHK	US	SP500	未分類
MKC	MKC	US	SP500	未分類
MKTX	MKTX	US	SP500	未分類
MLM	MLM	US	SP500	未分類
MMC	Marsh McLennan	US	SP500	未分類
MMM	MMM	US	SP500	未分類
MNST	MNST	US	SP500	未分類
MO	Altria	US	SP500	未分類
MOH	MOH	US	SP500	未分類
MOS	Mosaic	US	SP500	未分類
MPC	MPC	US	SP500	未分類
MPWR	MPWR	US	SP500	未分類
MRK	Merck	US	SP500	未分類
MRNA	MRNA	US	SP500	未分類
MRVL	MRVL	US	SP500	未分類
MS	Morgan Stanley	US	SP500	未分類
MSCI	MSCI	US	SP500	未分類
MSFT	Microsoft	US	SP500	未分類
MSI	MSI	US	SP500	未分類
MTB	MTB	US	SP500	未分類
MTCH	MTCH	US	SP500	未分類
MTD	MTD	US	SP500	未分類
MU	Micron	US	SP500	未分類
NCLH	NCLH	US	SP500	未分類
NDAQ	NDAQ	US	SP500	未分類
NDSN	NDSN	US	SP500	未分類
NEE	NextEra Energy	US	SP500	未分類
NEM	NEM	US	SP500	未分類
NFLX	Netflix	US	SP500	未分類
NI	NI	US	SP500	未分類
NKE	NKE	US	SP500	未分類
NOC	Northrop Grumman	US	SP500	未分類
NOW	ServiceNow	US	SP500	未分類
NRG	NRG	US	SP500	未分類
NSC	NSC	US	SP500	未分類
NTAP	NTAP	US	SP500	未分類
NTRS	NTRS	US	SP500	未分類
NUE	NUE	US	SP500	未分類
NVDA	NVIDIA	US	SP500	未分類
NVR	NVR	US	SP500	未分類
NWS	NWS	US	SP500	未分類
NWSA	NWSA	US	SP500	未分類
NXPI	NXPI	US	SP500	未分類
O	O	US	SP500	未分類
ODFL	ODFL	US	SP500	未分類
OKE	OKE	US	SP500	未分類
OKTA	OKTA	US	SP500	未分類
OMC	OMC	US	SP500	未分類
ON	ON	US	SP500	未分類
ORCL	Oracle	US	SP500	未分類
ORLY	ORLY	US	SP500	未分類
OTIS	OTIS	US	SP500	未分類
OXY	OXY	US	SP500	未分類
PANW	Palo Alto Networks	US	SP500	未分類
PAYC	PAYC	US	SP500	未分類
PAYX	PAYX	US	SP500	未分類
PCAR	PCAR	US	SP500	未分類
PCG	PCG	US	SP500	未分類
PDD	PDD	US	SP500	未分類
PEG	PEG	US	SP500	未分類
PEP	PepsiCo	US	SP500	未分類
PFE	Pfizer	US	SP500	未分類
PFG	PFG	US	SP500	未分類
PG	PG	US	SP500	未分類
PGR	PGR	US	SP500	未分類
PH	PH	US	SP500	未分類
PHM	PHM	US	SP500	未分類
PKG	PKG	US	SP500	未分類
PLD	Prologis	US	SP500	未分類
PM	Philip Morris	US	SP500	未分類
PNC	PNC	US	SP500	未分類
PNR	PNR	US	SP500	未分類
PNW	PNW	US	SP500	未分類
PODD	PODD	US	SP500	未分類
POOL	POOL	US	SP500	未分類
PPG	PPG	US	SP500	未分類
PPL	PPL	US	SP500	未分類
PRU	PRU	US	SP500	未分類
PSA	PSA	US	SP500	未分類
PSX	PSX	US	SP500	未分類
PTC	PTC	US	SP500	未分類
PWR	PWR	US	SP500	未分類
PYPL	PYPL	US	SP500	未分類
QCOM	Qualcomm	US	SP500	未分類
QRVO	QRVO	US	SP500	未分類
RCL	RCL	US	SP500	未分類
REG	REG	US	SP500	未分類
REGN	Regeneron	US	SP500	未分類
RF	RF	US	SP500	未分類
RJF	RJF	US	SP500	未分類
RL	RL	US	SP500	未分類
RMD	RMD	US	SP500	未分類
ROK	ROK	US	SP500	未分類
ROL	ROL	US	SP500	未分類
ROP	ROP	US	SP500	未分類
ROST	ROST	US	SP500	未分類
RSG	RSG	US	SP500	未分類
RTX	RTX	US	SP500	未分類
RVTY	RVTY	US	SP500	未分類
SBAC	SBAC	US	SP500	未分類
SBUX	SBUX	US	SP500	未分類
SCHW	SCHW	US	SP500	未分類
SHW	SHW	US	SP500	未分類
SIRI	SIRI	US	SP500	未分類
SJM	SJM	US	SP500	未分類
SLB	Schlumberger	US	SP500	未分類
SMCI	SMCI	US	SP500	未分類
SNA	SNA	US	SP500	未分類
SNPS	Synopsys	US	SP500	未分類
SO	Southern Company	US	SP500	未分類
SOLV	SOLV	US	SP500	未分類
SPG	SPG	US	SP500	未分類
SPGI	S&P Global	US	SP500	未分類
SRE	SRE	US	SP500	未分類
STE	STE	US	SP500	未分類
STLD	STLD	US	SP500	未分類
STT	STT	US	SP500	未分類
STX	STX	US	SP500	未分類
STZ	STZ	US	SP500	未分類
SW	SW	US	SP500	未分類
SWK	SWK	US	SP500	未分類
SWKS	SWKS	US	SP500	未分類
SYF	SYF	US	SP500	未分類
SYK	Stryker	US	SP500	未分類
SYY	SYY	US	SP500	未分類
T	T	US	SP500	未分類
TAP	TAP	US	SP500	未分類
TDG	TDG	US	SP500	未分類
TDY	TDY	US	SP500	未分類
TEAM	TEAM	US	SP500	未分類
TECH	TECH	US	SP500	未分類
TEL	TEL	US	SP500	未分類
TER	TER	US	SP500	未分類
TFC	TFC	US	SP500	未分類
TFX	TFX	US	SP500	未分類
TGT	TGT	US	SP500	未分類
TJX	TJX Companies	US	SP500	未分類
TMO	Thermo Fisher	US	SP500	未分類
TMUS	TMUS	US	SP500	未分類
TPR	TPR	US	SP500	未分類
TRGP	TRGP	US	SP500	未分類
TRMB	TRMB	US	SP500	未分類
TROW	TROW	US	SP500	未分類
TRV	TRV	US	SP500	未分類
TSCO	TSCO	US	SP500	未分類
TSLA	Tesla	US	SP500	未分類
TSN	TSN	US	SP500	未分類
TT	TT	US	SP500	未分類
TTD	TTD	US	SP500	未分類
TTWO	TTWO	US	SP500	未分類
TXN	Texas Instruments	US	SP500	未分類
TYL	TYL	US	SP500	未分類
UAL	UAL	US	SP500	未分類
UBER	UBER	US	SP500	未分類
UDR	UDR	US	SP500	未分類
UHS	UHS	US	SP500	未分類
ULTA	Ulta Beauty	US	SP500	未分類
UNH	UnitedHealth	US	SP500	未分類
UNP	UNP	US	SP500	未分類
UPS	UPS	US	SP500	未分類
URI	URI	US	SP500	未分類
USB	U.S. Bancorp	US	SP500	未分類
V	Visa	US	SP500	未分類
VICI	VICI	US	SP500	未分類
VLO	VLO	US	SP500	未分類
VLTO	VLTO	US	SP500	未分類
VMC	VMC	US	SP500	未分類
VNO	VNO	US	SP500	未分類
VRSK	VRSK	US	SP500	未分類
VRSN	VRSN	US	SP500	未分類
VRT	Vertiv Holdings Co.	US	SP500	資本財・産業
VRTX	VRTX	US	SP500	未分類
VST	VST	US	SP500	未分類
VTR	VTR	US	SP500	未分類
VTRS	VTRS	US	SP500	未分類
VZ	VZ	US	SP500	未分類
WAB	WAB	US	SP500	未分類
WAT	WAT	US	SP500	未分類
WBD	WBD	US	SP500	未分類
WDAY	WDAY	US	SP500	未分類
WDC	Western Digital	US	SP500	未分類
WEC	WEC	US	SP500	未分類
WELL	WELL	US	SP500	未分類
WFC	Wells Fargo	US	SP500	未分類
WM	WM	US	SP500	未分類
WMB	WMB	US	SP500	未分類
WMT	Walmart	US	SP500	未分類
WRB	WRB	US	SP500	未分類
WST	WST	US	SP500	未分類
WTW	WTW	US	SP500	未分類
WY	WY	US	SP500	未分類
WYNN	WYNN	US	SP500	未分類
XEL	XEL	US	SP500	未分類
XOM	Exxon Mobil	US	SP500	未分類
XYL	XYL	US	SP500	未分類
YUM	YUM	US	SP500	未分類
ZBH	ZBH	US	SP500	未分類
ZBRA	ZBRA	US	SP500	未分類
ZS	ZS	US	SP500	未分類
ZTS	Zoetis	US	SP500	未分類

# 펀드/ETF(FundPage·Home 등): ETF_SYMBOLS_FROM_XLSX (etfUniverseLite.js 스냅샷). 이름 스텁은 etfListFromXlsx.js 와 동일(그 외는 화면에서 DB/resolveFundDisplayName)
# symbol	jpName_stub_or_empty	category
1305.T		株式
1306.T		株式
1308.T		株式
1309.T		株式
1311.T		株式
1319.T		株式
1320.T		株式
1321.T		株式
1322.T		株式
1325.T		株式
1328.T		株式
1329.T	日経225連動型上場投資信託	株式
1330.T		株式
133A.T		株式
1343.T		株式
1345.T		株式
1346.T		株式
1348.T		株式
1364.T		株式
1369.T		株式
1397.T		株式
1398.T		株式
1399.T		株式
1473.T		株式
1474.T		株式
1475.T	iShares Core TOPIX ETF	株式
1476.T		株式
1477.T		株式
1478.T	iShares MSCI Japan High Dividend ETF	高配当
1479.T		株式
1480.T		株式
1481.T		株式
1482.T		株式
1484.T		株式
1485.T		株式
1486.T		株式
1487.T		株式
1488.T		株式
1489.T		株式
1493.T		株式
1494.T		株式
1495.T		株式
1496.T		株式
1497.T		株式
1498.T		株式
1499.T		株式
1540.T		株式
1541.T		株式
1542.T		株式
1543.T		株式
1545.T		株式
1546.T		株式
1547.T		株式
1550.T		株式
1551.T		株式
1554.T		株式
1555.T		株式
1559.T		株式
1560.T		株式
1563.T		株式
1566.T		株式
1572.T		株式
1577.T		株式
1578.T		株式
1586.T		株式
1591.T		株式
1592.T		株式
1593.T		株式
1595.T		株式
1596.T		株式
1597.T		株式
1599.T		株式
159A.T		株式
1615.T		株式
1617.T		株式
1618.T		株式
1619.T		株式
1620.T		株式
1621.T		株式
1622.T		株式
1623.T		株式
1624.T		株式
1625.T		株式
1626.T		株式
1627.T		株式
1628.T		株式
1629.T		株式
1630.T		株式
1631.T		株式
1632.T		株式
1633.T		株式
1651.T		株式
1652.T		株式
1654.T		株式
1655.T		株式
1656.T		株式
1657.T		株式
1658.T		株式
1659.T		株式
1660.T		株式
1671.T		株式
1677.T		株式
1678.T		株式
1679.T		株式
1680.T		株式
1681.T		株式
1698.T		株式
1699.T		株式
170A.T		株式
179A.T		株式
180A.T		株式
182A.T		株式
183A.T		株式
188A.T		株式
200A.T		株式
2011.T		株式
2012.T		株式
2013.T		株式
2014.T		株式
2015.T		株式
2016.T		株式
2017.T		株式
2018.T		株式
2019.T		株式
2080.T		株式
2081.T		株式
2082.T		株式
2083.T		株式
2084.T		株式
2085.T		株式
2086.T		株式
2087.T		株式
2088.T		株式
2089.T		株式
2090.T		株式
2091.T		株式
2092.T		株式
2093.T		株式
2094.T		株式
2095.T		株式
2096.T		株式
2097.T		株式
2098.T		株式
210A.T		株式
213A.T		株式
221A.T		株式
2235.T		株式
2236.T		株式
223A.T		株式
2241.T		株式
2242.T		株式
2243.T		株式
2244.T		株式
2245.T		株式
2247.T		株式
2248.T		株式
224A.T		株式
2250.T		株式
2252.T		株式
2253.T		株式
2254.T		株式
2255.T		株式
2256.T		株式
2257.T		株式
2258.T		株式
2259.T		株式
234A.T		株式
235A.T		株式
236A.T		株式
237A.T		株式
238A.T		株式
2510.T		株式
2511.T		株式
2512.T		株式
2513.T		株式
2514.T		株式
2515.T		株式
2516.T		株式
2517.T		株式
2518.T		株式
2519.T		株式
2520.T		株式
2521.T		株式
2522.T		株式
2524.T		株式
2525.T		株式
2527.T		株式
2528.T		株式
2529.T		株式
2530.T		株式
2552.T		株式
2553.T		株式
2554.T		株式
2555.T		株式
2556.T		株式
2557.T		株式
2558.T		株式
2559.T		株式
2561.T		株式
2562.T		株式
2563.T		株式
2564.T		株式
2565.T		株式
2566.T		株式
2567.T		株式
2568.T		株式
2569.T		株式
257A.T		株式
258A.T		株式
2620.T		株式
2621.T	iShares 20+ Year US Treasury Bond JPY Hedged ETF	債券
2622.T		株式
2623.T		株式
2624.T		株式
2625.T		株式
2626.T		株式
2627.T		株式
2628.T		株式
2629.T		株式
2630.T		株式
2631.T		株式
2632.T		株式
2633.T		株式
2634.T		株式
2636.T		株式
2637.T		株式
2638.T		株式
2639.T		株式
2640.T		株式
2641.T		株式
2642.T		株式
2643.T		株式
2644.T		株式
2645.T		株式
2646.T		株式
2647.T		株式
2648.T		株式
2649.T		株式
2836.T		株式
2837.T		株式
2838.T		株式
2839.T		株式
283A.T		株式
2840.T		株式
2841.T		株式
2843.T		株式
2844.T		株式
2845.T		株式
2846.T		株式
2847.T		株式
2849.T		株式
2851.T		株式
2852.T		株式
2853.T		株式
2854.T	NEXT FUNDS NASDAQ-100 Top 20 ETF	テック
2855.T		株式
2856.T		株式
2857.T		株式
2858.T		株式
2859.T		株式
2860.T		株式
2861.T		株式
2864.T		株式
2865.T		株式
2866.T		株式
2867.T		株式
2868.T		株式
295A.T		株式
313A.T		株式
314A.T		株式
315A.T		株式
316A.T		株式
328A.T		株式
364A.T		株式
376A.T		株式
380A.T		株式
381A.T		株式
383A.T		株式
392A.T		株式
394A.T		株式
395A.T		株式
396A.T		株式
404A.T		株式
408A.T		株式
412A.T		株式
413A.T		株式
424A.T		株式
425A.T		株式
435A.T		株式
443A.T		株式
447A.T		株式
448A.T		株式
449A.T		株式
451A.T		株式
453A.T		株式
459A.T		株式
461A.T		株式
465A.T		株式
466A.T		株式
467A.T		株式
468A.T		株式
473A.T		株式
486A.T		株式
487A.T		株式
488A.T		株式
489A.T		株式
492A.T		株式
493A.T		株式
496A.T		株式
502A.T		株式
512A.T		株式
513A.T		株式
518A.T		株式